FilePath,CombinedTimestamp,Step
Sol/logs/PPO 05.11.2024_11.37.31/ppo_tensorboard\events.out.tfevents.1715420274.Ozymandias-II.18828.0,0.0,0
Sol/logs/PPO 05.11.2024_11.37.31/ppo_tensorboard\events.out.tfevents.1715441486.Ozymandias-II.20404.0,0.0,11
Sol/logs/PPO 05.11.2024_11.37.31/ppo_tensorboard\events.out.tfevents.1715441605.Ozymandias-II.31676.0,0.0,23
Sol/logs/PPO 05.11.2024_11.37.31/ppo_tensorboard\events.out.tfevents.1715455485.Ozymandias-II.32756.0,0.0,36
Sol/logs/PPO 05.11.2024_11.37.31/ppo_tensorboard\events.out.tfevents.1715515221.Ozymandias-II.12984.0,0.0,50
Sol/logs/PPO 05.11.2024_11.37.31/ppo_tensorboard\events.out.tfevents.1715526971.Ozymandias-II.11092.0,0.0,65
Sol/logs/PPO 05.11.2024_11.37.31/ppo_tensorboard\PPO_05.11.2024_11.37.54_1\events.out.tfevents.1715420274.Ozymandias-II.18828.0,11000000.0,81
Sol/logs/PPO 05.11.2024_11.37.31/ppo_tensorboard\PPO_05.11.2024_17.31.26_1\events.out.tfevents.1715441486.Ozymandias-II.20404.0,11000000.0,98
Sol/logs/PPO 05.11.2024_11.37.31/ppo_tensorboard\PPO_05.11.2024_17.33.25_1\events.out.tfevents.1715441605.Ozymandias-II.31676.0,11000000.0,116
Sol/logs/PPO 05.11.2024_11.37.31/ppo_tensorboard\PPO_05.11.2024_21.24.45_1\events.out.tfevents.1715455485.Ozymandias-II.32756.0,11000000.0,135
Sol/logs/PPO 05.11.2024_11.37.31/ppo_tensorboard\PPO_05.12.2024_14.00.20_1\events.out.tfevents.1715515221.Ozymandias-II.12984.0,12000000.0,155
Sol/logs/PPO 05.11.2024_11.37.31/ppo_tensorboard\PPO_05.12.2024_17.16.11_1\events.out.tfevents.1715526971.Ozymandias-II.11092.0,12000000.0,176
